{
    "img": {
        "mink": {
            "Min_40.0% prob": [
                2.4613358528717706,
                2.4721416877663653,
                2.684496728233669,
                2.5363891793333964,
                2.433864458229231,
                2.5197230743325276,
                2.783381218495576,
                2.6067929511484893,
                2.3930543707764667,
                2.87136020090269,
                2.429314576542896,
                2.3987797804500746,
                2.4221559187640316,
                2.490992057841757,
                2.7741492903750875,
                2.4102446613104447,
                2.809310974245486,
                2.7316747701686364,
                2.5944469042446303,
                2.5182506778965825,
                2.519479201669278,
                2.6665307806885763,
                2.680372090961622,
                2.631678319495657
            ],
            "Min_70.0% prob": [
                2.0198106229008728,
                2.0070310083787835,
                2.1817650839463987,
                2.071877166109892,
                1.9305886906474383,
                2.011036870194905,
                2.2877016678378355,
                2.1144465492732487,
                1.9231851676210243,
                2.308439458780621,
                2.000007518784917,
                1.9866011471890692,
                2.0042755049259506,
                2.049994905196612,
                2.295901219939711,
                1.9828929560101447,
                2.302926913719272,
                2.190990871754452,
                2.104318238016385,
                2.088628571721452,
                2.0242809967615116,
                2.1320735859633677,
                2.16826114310554,
                2.113783589346492
            ]
        },
        "mod_renyi_05_entro": [
            0.8592754832638995,
            0.8336560101369801,
            0.9115193810670272,
            0.8725456765026826,
            0.8099242764452229,
            0.8126653235243715,
            0.9581105766931306,
            0.8924934823357541,
            0.8254178075298019,
            0.9557181362613387,
            0.8547028715195863,
            0.8602063926374135,
            0.8756934227373289,
            0.8631706525012851,
            0.973897421627265,
            0.8329209097118482,
            0.9809818151107301,
            0.9026800070152334,
            0.8831166629298873,
            0.8925484100372895,
            0.8580018203559777,
            0.88081452574095,
            0.9004816832101863,
            0.8903216105051662
        ],
        "max_k_renyi_2_entro": {
            "Max_30.0% renyi_2": [
                4.191808051841203,
                4.403017340704452,
                4.687434200630632,
                4.4101653237675515,
                4.281688691571701,
                4.4340085359506825,
                4.665204543013905,
                4.527718707572582,
                4.177273047524829,
                4.884372727815495,
                4.300722754278849,
                4.254249992758729,
                4.255563659723415,
                4.283770396265873,
                4.731930286385293,
                4.190661656302075,
                4.805095011411711,
                4.646388035874034,
                4.5266599142274195,
                4.347285672675731,
                4.342536583889363,
                4.537361939286077,
                4.5908753955087,
                4.511130120865134
            ],
            "Max_70.0% renyi_2": [
                3.1677444719556553,
                3.2973310303925283,
                3.5078700946931223,
                3.324428582072851,
                3.0981889936461378,
                3.26957200445346,
                3.6014192317848774,
                3.3523921877590577,
                3.0764972849271786,
                3.6638182377933863,
                3.2441310787675395,
                3.2400694786019586,
                3.239833164867477,
                3.2604103094309718,
                3.6830230702215165,
                3.2230826049894836,
                3.6470258763773526,
                3.4650397443059666,
                3.353724641289877,
                3.3461778042328296,
                3.2244016993698197,
                3.3709267294822047,
                3.4747293090345845,
                3.3675697262014324
            ]
        }
    }
}