{
    "img": {
        "min_k_renyi_05_kl_div": {
            "Min_0_renyi_05_kld_avged_aug_avged_versions": 0.5633333333333334,
            "Min_0.05_renyi_05_kld_avged_aug_avged_versions": 0.575,
            "Min_0.1_renyi_05_kld_avged_aug_avged_versions": 0.5900000000000001,
            "Min_0.2_renyi_05_kld_avged_aug_avged_versions": 0.5983333333333334,
            "Min_0.3_renyi_05_kld_avged_aug_avged_versions": 0.61,
            "Min_0.4_renyi_05_kld_avged_aug_avged_versions": 0.615,
            "Min_0.5_renyi_05_kld_avged_aug_avged_versions": 0.6166666666666667,
            "Min_0.6_renyi_05_kld_avged_aug_avged_versions": 0.62,
            "Min_0.7_renyi_05_kld_avged_aug_avged_versions": 0.6216666666666666,
            "Min_0.8_renyi_05_kld_avged_aug_avged_versions": 0.6133333333333333,
            "Min_0.9_renyi_05_kld_avged_aug_avged_versions": 0.6083333333333334
        },
        "min_k_renyi_1_kl_div": {
            "Min_0_renyi_1_kld_avged_aug_avged_versions": 0.5533333333333333,
            "Min_0.05_renyi_1_kld_avged_aug_avged_versions": 0.5733333333333334,
            "Min_0.1_renyi_1_kld_avged_aug_avged_versions": 0.5866666666666667,
            "Min_0.2_renyi_1_kld_avged_aug_avged_versions": 0.605,
            "Min_0.3_renyi_1_kld_avged_aug_avged_versions": 0.6116666666666667,
            "Min_0.4_renyi_1_kld_avged_aug_avged_versions": 0.6166666666666667,
            "Min_0.5_renyi_1_kld_avged_aug_avged_versions": 0.6133333333333333,
            "Min_0.6_renyi_1_kld_avged_aug_avged_versions": 0.6116666666666667,
            "Min_0.7_renyi_1_kld_avged_aug_avged_versions": 0.6066666666666667,
            "Min_0.8_renyi_1_kld_avged_aug_avged_versions": 0.6083333333333334,
            "Min_0.9_renyi_1_kld_avged_aug_avged_versions": 0.6083333333333334
        },
        "min_k_renyi_2_kl_div": {
            "Min_0_renyi_2_kld_avged_aug_avged_versions": 0.5633333333333334,
            "Min_0.05_renyi_2_kld_avged_aug_avged_versions": 0.5866666666666667,
            "Min_0.1_renyi_2_kld_avged_aug_avged_versions": 0.595,
            "Min_0.2_renyi_2_kld_avged_aug_avged_versions": 0.605,
            "Min_0.3_renyi_2_kld_avged_aug_avged_versions": 0.605,
            "Min_0.4_renyi_2_kld_avged_aug_avged_versions": 0.6,
            "Min_0.5_renyi_2_kld_avged_aug_avged_versions": 0.595,
            "Min_0.6_renyi_2_kld_avged_aug_avged_versions": 0.5916666666666667,
            "Min_0.7_renyi_2_kld_avged_aug_avged_versions": 0.5883333333333334,
            "Min_0.8_renyi_2_kld_avged_aug_avged_versions": 0.585,
            "Min_0.9_renyi_2_kld_avged_aug_avged_versions": 0.585
        },
        "min_k_renyi_divergence_05": {
            "Min_0_renyi_div_alpha_0.5_avged_aug_avged_versions": 0.565,
            "Min_0.05_renyi_div_alpha_0.5_avged_aug_avged_versions": 0.5666666666666667,
            "Min_0.1_renyi_div_alpha_0.5_avged_aug_avged_versions": 0.5733333333333333,
            "Min_0.2_renyi_div_alpha_0.5_avged_aug_avged_versions": 0.5800000000000001,
            "Min_0.3_renyi_div_alpha_0.5_avged_aug_avged_versions": 0.5866666666666667,
            "Min_0.4_renyi_div_alpha_0.5_avged_aug_avged_versions": 0.595,
            "Min_0.5_renyi_div_alpha_0.5_avged_aug_avged_versions": 0.5966666666666667,
            "Min_0.6_renyi_div_alpha_0.5_avged_aug_avged_versions": 0.5933333333333333,
            "Min_0.7_renyi_div_alpha_0.5_avged_aug_avged_versions": 0.5916666666666667,
            "Min_0.8_renyi_div_alpha_0.5_avged_aug_avged_versions": 0.5933333333333334,
            "Min_0.9_renyi_div_alpha_0.5_avged_aug_avged_versions": 0.5916666666666667
        },
        "min_k_renyi_divergence_2": {
            "Min_0_renyi_div_alpha_2_avged_aug_avged_versions": 0.5533333333333333,
            "Min_0.05_renyi_div_alpha_2_avged_aug_avged_versions": 0.5916666666666667,
            "Min_0.1_renyi_div_alpha_2_avged_aug_avged_versions": 0.6000000000000001,
            "Min_0.2_renyi_div_alpha_2_avged_aug_avged_versions": 0.61,
            "Min_0.3_renyi_div_alpha_2_avged_aug_avged_versions": 0.6066666666666667,
            "Min_0.4_renyi_div_alpha_2_avged_aug_avged_versions": 0.6083333333333334,
            "Min_0.5_renyi_div_alpha_2_avged_aug_avged_versions": 0.615,
            "Min_0.6_renyi_div_alpha_2_avged_aug_avged_versions": 0.6166666666666667,
            "Min_0.7_renyi_div_alpha_2_avged_aug_avged_versions": 0.6066666666666667,
            "Min_0.8_renyi_div_alpha_2_avged_aug_avged_versions": 0.6033333333333333,
            "Min_0.9_renyi_div_alpha_2_avged_aug_avged_versions": 0.6066666666666667
        },
        "min_k_renyi_divergence_4": {
            "Min_0_renyi_div_alpha_4_avged_aug_avged_versions": 0.56,
            "Min_0.05_renyi_div_alpha_4_avged_aug_avged_versions": 0.5883333333333334,
            "Min_0.1_renyi_div_alpha_4_avged_aug_avged_versions": 0.585,
            "Min_0.2_renyi_div_alpha_4_avged_aug_avged_versions": 0.5883333333333334,
            "Min_0.3_renyi_div_alpha_4_avged_aug_avged_versions": 0.585,
            "Min_0.4_renyi_div_alpha_4_avged_aug_avged_versions": 0.5833333333333334,
            "Min_0.5_renyi_div_alpha_4_avged_aug_avged_versions": 0.5866666666666667,
            "Min_0.6_renyi_div_alpha_4_avged_aug_avged_versions": 0.5900000000000001,
            "Min_0.7_renyi_div_alpha_4_avged_aug_avged_versions": 0.5916666666666667,
            "Min_0.8_renyi_div_alpha_4_avged_aug_avged_versions": 0.5883333333333334,
            "Min_0.9_renyi_div_alpha_4_avged_aug_avged_versions": 0.5900000000000001
        }
    }
}